junction,leak_area
n727,1.953125
n715,7.8125
n551,8.59375
n732,10.937500000000002
n203,3.3203124999999996
n373,9.375
n165,5.664062500000001
n363,2.34375
n703,6.445312499999999
n216,1.3671875000000002
n300,237.5
